,Team,Year,Season,Game_num,Date,Away_flag,Opponent,OT_flag
0,Phoenix Suns,2009,regular,1,2009-10-28,1,Los Angeles Clippers,
1,Phoenix Suns,2009,regular,2,2009-10-30,0,Golden State Warriors,
2,Phoenix Suns,2009,regular,3,2009-11-01,0,Minnesota Timberwolves,
3,Phoenix Suns,2009,regular,4,2009-11-03,1,Miami Heat,
4,Phoenix Suns,2009,regular,5,2009-11-04,1,Orlando Magic,
5,Phoenix Suns,2009,regular,6,2009-11-06,1,Boston Celtics,
6,Phoenix Suns,2009,regular,7,2009-11-08,1,Washington Wizards,
7,Phoenix Suns,2009,regular,8,2009-11-09,1,Philadelphia 76ers,
8,Phoenix Suns,2009,regular,9,2009-11-11,0,New Orleans Hornets,
9,Phoenix Suns,2009,regular,10,2009-11-12,1,Los Angeles Lakers,
10,Phoenix Suns,2009,regular,11,2009-11-15,0,Toronto Raptors,
11,Phoenix Suns,2009,regular,12,2009-11-17,1,Houston Rockets,
12,Phoenix Suns,2009,regular,13,2009-11-19,1,New Orleans Hornets,
13,Phoenix Suns,2009,regular,14,2009-11-22,0,Detroit Pistons,
14,Phoenix Suns,2009,regular,15,2009-11-25,0,Memphis Grizzlies,
15,Phoenix Suns,2009,regular,16,2009-11-27,1,Minnesota Timberwolves,
16,Phoenix Suns,2009,regular,17,2009-11-29,1,Toronto Raptors,
17,Phoenix Suns,2009,regular,18,2009-12-01,1,New York Knicks,
18,Phoenix Suns,2009,regular,19,2009-12-02,1,Cleveland Cavaliers,
19,Phoenix Suns,2009,regular,20,2009-12-05,0,Sacramento Kings,
20,Phoenix Suns,2009,regular,21,2009-12-06,1,Los Angeles Lakers,
21,Phoenix Suns,2009,regular,22,2009-12-08,1,Dallas Mavericks,
22,Phoenix Suns,2009,regular,23,2009-12-11,0,Orlando Magic,
23,Phoenix Suns,2009,regular,24,2009-12-12,1,Denver Nuggets,
24,Phoenix Suns,2009,regular,25,2009-12-15,0,San Antonio Spurs,
25,Phoenix Suns,2009,regular,26,2009-12-17,1,Portland Trail Blazers,
26,Phoenix Suns,2009,regular,27,2009-12-19,0,Washington Wizards,
27,Phoenix Suns,2009,regular,28,2009-12-21,0,Cleveland Cavaliers,
28,Phoenix Suns,2009,regular,29,2009-12-23,0,Oklahoma City Thunder,
29,Phoenix Suns,2009,regular,30,2009-12-25,0,Los Angeles Clippers,
30,Phoenix Suns,2009,regular,31,2009-12-26,1,Golden State Warriors,
31,Phoenix Suns,2009,regular,32,2009-12-28,0,Los Angeles Lakers,
32,Phoenix Suns,2009,regular,33,2009-12-30,0,Boston Celtics,
33,Phoenix Suns,2009,regular,34,2010-01-02,0,Memphis Grizzlies,
34,Phoenix Suns,2009,regular,35,2010-01-05,1,Sacramento Kings,
35,Phoenix Suns,2009,regular,36,2010-01-06,0,Houston Rockets,
36,Phoenix Suns,2009,regular,37,2010-01-08,0,Miami Heat,
37,Phoenix Suns,2009,regular,38,2010-01-11,0,Milwaukee Bucks,
38,Phoenix Suns,2009,regular,39,2010-01-13,1,Indiana Pacers,
39,Phoenix Suns,2009,regular,40,2010-01-15,1,Atlanta Hawks,
40,Phoenix Suns,2009,regular,41,2010-01-16,1,Charlotte Bobcats,
41,Phoenix Suns,2009,regular,42,2010-01-18,1,Memphis Grizzlies,
42,Phoenix Suns,2009,regular,43,2010-01-20,0,New Jersey Nets,
43,Phoenix Suns,2009,regular,44,2010-01-22,0,Chicago Bulls,
44,Phoenix Suns,2009,regular,45,2010-01-23,0,Golden State Warriors,
45,Phoenix Suns,2009,regular,46,2010-01-25,1,Utah Jazz,
46,Phoenix Suns,2009,regular,47,2010-01-26,0,Charlotte Bobcats,OT
47,Phoenix Suns,2009,regular,48,2010-01-28,0,Dallas Mavericks,
48,Phoenix Suns,2009,regular,49,2010-01-31,1,Houston Rockets,OT
49,Phoenix Suns,2009,regular,50,2010-02-01,1,New Orleans Hornets,
50,Phoenix Suns,2009,regular,51,2010-02-03,1,Denver Nuggets,
51,Phoenix Suns,2009,regular,52,2010-02-05,1,Sacramento Kings,
52,Phoenix Suns,2009,regular,53,2010-02-10,0,Portland Trail Blazers,
53,Phoenix Suns,2009,regular,54,2010-02-16,1,Memphis Grizzlies,
54,Phoenix Suns,2009,regular,55,2010-02-17,1,Dallas Mavericks,
55,Phoenix Suns,2009,regular,56,2010-02-19,0,Atlanta Hawks,
56,Phoenix Suns,2009,regular,57,2010-02-21,0,Sacramento Kings,
57,Phoenix Suns,2009,regular,58,2010-02-23,1,Oklahoma City Thunder,
58,Phoenix Suns,2009,regular,59,2010-02-24,0,Philadelphia 76ers,
59,Phoenix Suns,2009,regular,60,2010-02-26,0,Los Angeles Clippers,
60,Phoenix Suns,2009,regular,61,2010-02-28,1,San Antonio Spurs,
61,Phoenix Suns,2009,regular,62,2010-03-01,0,Denver Nuggets,
62,Phoenix Suns,2009,regular,63,2010-03-03,1,Los Angeles Clippers,
63,Phoenix Suns,2009,regular,64,2010-03-04,0,Utah Jazz,
64,Phoenix Suns,2009,regular,65,2010-03-06,0,Indiana Pacers,
65,Phoenix Suns,2009,regular,66,2010-03-12,0,Los Angeles Lakers,
66,Phoenix Suns,2009,regular,67,2010-03-14,0,New Orleans Hornets,
67,Phoenix Suns,2009,regular,68,2010-03-16,0,Minnesota Timberwolves,
68,Phoenix Suns,2009,regular,69,2010-03-19,0,Utah Jazz,
69,Phoenix Suns,2009,regular,70,2010-03-21,0,Portland Trail Blazers,
70,Phoenix Suns,2009,regular,71,2010-03-22,1,Golden State Warriors,
71,Phoenix Suns,2009,regular,72,2010-03-26,0,New York Knicks,
72,Phoenix Suns,2009,regular,73,2010-03-28,1,Minnesota Timberwolves,
73,Phoenix Suns,2009,regular,74,2010-03-30,1,Chicago Bulls,
74,Phoenix Suns,2009,regular,75,2010-03-31,1,New Jersey Nets,
75,Phoenix Suns,2009,regular,76,2010-04-02,1,Detroit Pistons,
76,Phoenix Suns,2009,regular,77,2010-04-03,1,Milwaukee Bucks,
77,Phoenix Suns,2009,regular,78,2010-04-07,0,San Antonio Spurs,
78,Phoenix Suns,2009,regular,79,2010-04-09,1,Oklahoma City Thunder,
79,Phoenix Suns,2009,regular,80,2010-04-11,0,Houston Rockets,
80,Phoenix Suns,2009,regular,81,2010-04-13,0,Denver Nuggets,
81,Phoenix Suns,2009,regular,82,2010-04-14,1,Utah Jazz,
82,Phoenix Suns,2009,post,83,2010-04-18,0,Portland Trail Blazers,
83,Phoenix Suns,2009,post,84,2010-04-20,0,Portland Trail Blazers,
84,Phoenix Suns,2009,post,85,2010-04-22,1,Portland Trail Blazers,
85,Phoenix Suns,2009,post,86,2010-04-24,1,Portland Trail Blazers,
86,Phoenix Suns,2009,post,87,2010-04-26,0,Portland Trail Blazers,
87,Phoenix Suns,2009,post,88,2010-04-29,1,Portland Trail Blazers,
88,Phoenix Suns,2009,post,89,2010-05-03,0,San Antonio Spurs,
89,Phoenix Suns,2009,post,90,2010-05-05,0,San Antonio Spurs,
90,Phoenix Suns,2009,post,91,2010-05-07,1,San Antonio Spurs,
91,Phoenix Suns,2009,post,92,2010-05-09,1,San Antonio Spurs,
92,Phoenix Suns,2009,post,93,2010-05-17,1,Los Angeles Lakers,
93,Phoenix Suns,2009,post,94,2010-05-19,1,Los Angeles Lakers,
94,Phoenix Suns,2009,post,95,2010-05-23,0,Los Angeles Lakers,
95,Phoenix Suns,2009,post,96,2010-05-25,0,Los Angeles Lakers,
96,Phoenix Suns,2009,post,97,2010-05-27,1,Los Angeles Lakers,
97,Phoenix Suns,2009,post,98,2010-05-29,0,Los Angeles Lakers,
98,Phoenix Suns,2010,regular,1,2010-10-26,1,Portland Trail Blazers,
99,Phoenix Suns,2010,regular,2,2010-10-28,1,Utah Jazz,
100,Phoenix Suns,2010,regular,3,2010-10-29,0,Los Angeles Lakers,
101,Phoenix Suns,2010,regular,4,2010-11-03,0,San Antonio Spurs,
102,Phoenix Suns,2010,regular,5,2010-11-05,0,Memphis Grizzlies,2OT
103,Phoenix Suns,2010,regular,6,2010-11-07,1,Atlanta Hawks,
104,Phoenix Suns,2010,regular,7,2010-11-08,1,Memphis Grizzlies,
105,Phoenix Suns,2010,regular,8,2010-11-12,0,Sacramento Kings,
106,Phoenix Suns,2010,regular,9,2010-11-14,1,Los Angeles Lakers,
107,Phoenix Suns,2010,regular,10,2010-11-15,0,Denver Nuggets,
108,Phoenix Suns,2010,regular,11,2010-11-17,1,Miami Heat,
109,Phoenix Suns,2010,regular,12,2010-11-18,1,Orlando Magic,
110,Phoenix Suns,2010,regular,13,2010-11-20,1,Charlotte Bobcats,
111,Phoenix Suns,2010,regular,14,2010-11-22,1,Houston Rockets,
112,Phoenix Suns,2010,regular,15,2010-11-24,0,Chicago Bulls,2OT
113,Phoenix Suns,2010,regular,16,2010-11-26,0,Los Angeles Clippers,
114,Phoenix Suns,2010,regular,17,2010-11-28,1,Denver Nuggets,
115,Phoenix Suns,2010,regular,18,2010-12-02,1,Golden State Warriors,
116,Phoenix Suns,2010,regular,19,2010-12-03,0,Indiana Pacers,
117,Phoenix Suns,2010,regular,20,2010-12-05,0,Washington Wizards,
118,Phoenix Suns,2010,regular,21,2010-12-07,1,Portland Trail Blazers,
119,Phoenix Suns,2010,regular,22,2010-12-08,0,Memphis Grizzlies,OT
120,Phoenix Suns,2010,regular,23,2010-12-10,0,Portland Trail Blazers,
121,Phoenix Suns,2010,regular,24,2010-12-15,0,Minnesota Timberwolves,
122,Phoenix Suns,2010,regular,25,2010-12-17,1,Dallas Mavericks,
123,Phoenix Suns,2010,regular,26,2010-12-19,1,Oklahoma City Thunder,
124,Phoenix Suns,2010,regular,27,2010-12-20,1,San Antonio Spurs,
125,Phoenix Suns,2010,regular,28,2010-12-23,0,Miami Heat,
126,Phoenix Suns,2010,regular,29,2010-12-26,1,Los Angeles Clippers,
127,Phoenix Suns,2010,regular,30,2010-12-29,0,Philadelphia 76ers,
128,Phoenix Suns,2010,regular,31,2010-12-31,0,Detroit Pistons,
129,Phoenix Suns,2010,regular,32,2011-01-02,1,Sacramento Kings,
130,Phoenix Suns,2010,regular,33,2011-01-05,0,Los Angeles Lakers,
131,Phoenix Suns,2010,regular,34,2011-01-07,0,New York Knicks,
132,Phoenix Suns,2010,regular,35,2011-01-09,0,Cleveland Cavaliers,
133,Phoenix Suns,2010,regular,36,2011-01-11,1,Denver Nuggets,
134,Phoenix Suns,2010,regular,37,2011-01-12,0,New Jersey Nets,OT
135,Phoenix Suns,2010,regular,38,2011-01-14,0,Portland Trail Blazers,
136,Phoenix Suns,2010,regular,39,2011-01-17,1,New York Knicks,
137,Phoenix Suns,2010,regular,40,2011-01-19,1,Cleveland Cavaliers,
138,Phoenix Suns,2010,regular,41,2011-01-21,1,Washington Wizards,
139,Phoenix Suns,2010,regular,42,2011-01-22,1,Detroit Pistons,
140,Phoenix Suns,2010,regular,43,2011-01-24,1,Philadelphia 76ers,
141,Phoenix Suns,2010,regular,44,2011-01-26,0,Charlotte Bobcats,
142,Phoenix Suns,2010,regular,45,2011-01-28,0,Boston Celtics,
143,Phoenix Suns,2010,regular,46,2011-01-30,0,New Orleans Hornets,
144,Phoenix Suns,2010,regular,47,2011-02-02,0,Milwaukee Bucks,
145,Phoenix Suns,2010,regular,48,2011-02-04,0,Oklahoma City Thunder,
146,Phoenix Suns,2010,regular,49,2011-02-07,1,Golden State Warriors,
147,Phoenix Suns,2010,regular,50,2011-02-10,0,Golden State Warriors,
148,Phoenix Suns,2010,regular,51,2011-02-11,1,Utah Jazz,
149,Phoenix Suns,2010,regular,52,2011-02-13,0,Sacramento Kings,
150,Phoenix Suns,2010,regular,53,2011-02-15,0,Utah Jazz,
151,Phoenix Suns,2010,regular,54,2011-02-17,0,Dallas Mavericks,
152,Phoenix Suns,2010,regular,55,2011-02-23,0,Atlanta Hawks,
153,Phoenix Suns,2010,regular,56,2011-02-25,1,Toronto Raptors,
154,Phoenix Suns,2010,regular,57,2011-02-27,1,Indiana Pacers,OT
155,Phoenix Suns,2010,regular,58,2011-02-28,1,New Jersey Nets,OT
156,Phoenix Suns,2010,regular,59,2011-03-02,1,Boston Celtics,
157,Phoenix Suns,2010,regular,60,2011-03-04,1,Milwaukee Bucks,
158,Phoenix Suns,2010,regular,61,2011-03-06,1,Oklahoma City Thunder,OT
159,Phoenix Suns,2010,regular,62,2011-03-08,0,Houston Rockets,
160,Phoenix Suns,2010,regular,63,2011-03-10,0,Denver Nuggets,
161,Phoenix Suns,2010,regular,64,2011-03-13,0,Orlando Magic,
162,Phoenix Suns,2010,regular,65,2011-03-14,1,Houston Rockets,
163,Phoenix Suns,2010,regular,66,2011-03-16,1,New Orleans Hornets,
164,Phoenix Suns,2010,regular,67,2011-03-18,0,Golden State Warriors,
165,Phoenix Suns,2010,regular,68,2011-03-20,1,Los Angeles Clippers,
166,Phoenix Suns,2010,regular,69,2011-03-22,1,Los Angeles Lakers,3OT
167,Phoenix Suns,2010,regular,70,2011-03-23,0,Toronto Raptors,
168,Phoenix Suns,2010,regular,71,2011-03-25,0,New Orleans Hornets,
169,Phoenix Suns,2010,regular,72,2011-03-27,0,Dallas Mavericks,
170,Phoenix Suns,2010,regular,73,2011-03-29,1,Sacramento Kings,
171,Phoenix Suns,2010,regular,74,2011-03-30,0,Oklahoma City Thunder,
172,Phoenix Suns,2010,regular,75,2011-04-01,0,Los Angeles Clippers,
173,Phoenix Suns,2010,regular,76,2011-04-03,1,San Antonio Spurs,
174,Phoenix Suns,2010,regular,77,2011-04-05,1,Chicago Bulls,
175,Phoenix Suns,2010,regular,78,2011-04-06,1,Minnesota Timberwolves,
176,Phoenix Suns,2010,regular,79,2011-04-08,1,New Orleans Hornets,
177,Phoenix Suns,2010,regular,80,2011-04-10,1,Dallas Mavericks,
178,Phoenix Suns,2010,regular,81,2011-04-11,0,Minnesota Timberwolves,OT
179,Phoenix Suns,2010,regular,82,2011-04-13,0,San Antonio Spurs,
180,Phoenix Suns,2011,regular,1,2011-12-26,0,New Orleans Hornets,
181,Phoenix Suns,2011,regular,2,2011-12-28,0,Philadelphia 76ers,
182,Phoenix Suns,2011,regular,3,2011-12-30,1,New Orleans Hornets,
183,Phoenix Suns,2011,regular,4,2011-12-31,1,Oklahoma City Thunder,
184,Phoenix Suns,2011,regular,5,2012-01-02,0,Golden State Warriors,
185,Phoenix Suns,2011,regular,6,2012-01-04,1,Dallas Mavericks,
186,Phoenix Suns,2011,regular,7,2012-01-06,0,Portland Trail Blazers,
187,Phoenix Suns,2011,regular,8,2012-01-08,0,Milwaukee Bucks,
188,Phoenix Suns,2011,regular,9,2012-01-10,1,Los Angeles Lakers,
189,Phoenix Suns,2011,regular,10,2012-01-12,0,Cleveland Cavaliers,
190,Phoenix Suns,2011,regular,11,2012-01-13,0,New Jersey Nets,
191,Phoenix Suns,2011,regular,12,2012-01-15,1,San Antonio Spurs,
192,Phoenix Suns,2011,regular,13,2012-01-17,1,Chicago Bulls,
193,Phoenix Suns,2011,regular,14,2012-01-18,1,New York Knicks,
194,Phoenix Suns,2011,regular,15,2012-01-20,1,Boston Celtics,
195,Phoenix Suns,2011,regular,16,2012-01-23,1,Dallas Mavericks,
196,Phoenix Suns,2011,regular,17,2012-01-24,0,Toronto Raptors,
197,Phoenix Suns,2011,regular,18,2012-01-27,1,Portland Trail Blazers,
198,Phoenix Suns,2011,regular,19,2012-01-28,0,Memphis Grizzlies,
199,Phoenix Suns,2011,regular,20,2012-01-30,0,Dallas Mavericks,
200,Phoenix Suns,2011,regular,21,2012-02-01,1,New Orleans Hornets,
201,Phoenix Suns,2011,regular,22,2012-02-03,1,Houston Rockets,
202,Phoenix Suns,2011,regular,23,2012-02-04,0,Charlotte Bobcats,
203,Phoenix Suns,2011,regular,24,2012-02-06,1,Atlanta Hawks,
204,Phoenix Suns,2011,regular,25,2012-02-07,1,Milwaukee Bucks,
205,Phoenix Suns,2011,regular,26,2012-02-09,0,Houston Rockets,
206,Phoenix Suns,2011,regular,27,2012-02-11,1,Sacramento Kings,
207,Phoenix Suns,2011,regular,28,2012-02-13,1,Golden State Warriors,
208,Phoenix Suns,2011,regular,29,2012-02-14,1,Denver Nuggets,
209,Phoenix Suns,2011,regular,30,2012-02-15,0,Atlanta Hawks,
210,Phoenix Suns,2011,regular,31,2012-02-17,1,Los Angeles Lakers,
211,Phoenix Suns,2011,regular,32,2012-02-19,0,Los Angeles Lakers,
212,Phoenix Suns,2011,regular,33,2012-02-20,0,Washington Wizards,
213,Phoenix Suns,2011,regular,34,2012-02-22,0,Golden State Warriors,
214,Phoenix Suns,2011,regular,35,2012-03-01,0,Minnesota Timberwolves,
215,Phoenix Suns,2011,regular,36,2012-03-02,0,Los Angeles Clippers,
216,Phoenix Suns,2011,regular,37,2012-03-04,0,Sacramento Kings,
217,Phoenix Suns,2011,regular,38,2012-03-07,1,Oklahoma City Thunder,
218,Phoenix Suns,2011,regular,39,2012-03-08,0,Dallas Mavericks,
219,Phoenix Suns,2011,regular,40,2012-03-10,0,Memphis Grizzlies,
220,Phoenix Suns,2011,regular,41,2012-03-12,0,Minnesota Timberwolves,
221,Phoenix Suns,2011,regular,42,2012-03-14,0,Utah Jazz,
222,Phoenix Suns,2011,regular,43,2012-03-15,1,Los Angeles Clippers,
223,Phoenix Suns,2011,regular,44,2012-03-16,0,Detroit Pistons,
224,Phoenix Suns,2011,regular,45,2012-03-18,0,Houston Rockets,
225,Phoenix Suns,2011,regular,46,2012-03-20,1,Miami Heat,
226,Phoenix Suns,2011,regular,47,2012-03-21,1,Orlando Magic,
227,Phoenix Suns,2011,regular,48,2012-03-23,1,Indiana Pacers,
228,Phoenix Suns,2011,regular,49,2012-03-25,1,Cleveland Cavaliers,
229,Phoenix Suns,2011,regular,50,2012-03-27,0,San Antonio Spurs,
230,Phoenix Suns,2011,regular,51,2012-03-28,1,Los Angeles Clippers,
231,Phoenix Suns,2011,regular,52,2012-04-01,0,New Orleans Hornets,
232,Phoenix Suns,2011,regular,53,2012-04-03,1,Sacramento Kings,
233,Phoenix Suns,2011,regular,54,2012-04-04,1,Utah Jazz,
234,Phoenix Suns,2011,regular,55,2012-04-06,1,Denver Nuggets,
235,Phoenix Suns,2011,regular,56,2012-04-07,0,Los Angeles Lakers,
236,Phoenix Suns,2011,regular,57,2012-04-09,1,Minnesota Timberwolves,
237,Phoenix Suns,2011,regular,58,2012-04-11,1,Memphis Grizzlies,
238,Phoenix Suns,2011,regular,59,2012-04-13,1,Houston Rockets,
239,Phoenix Suns,2011,regular,60,2012-04-14,1,San Antonio Spurs,
240,Phoenix Suns,2011,regular,61,2012-04-16,0,Portland Trail Blazers,
241,Phoenix Suns,2011,regular,62,2012-04-18,0,Oklahoma City Thunder,
242,Phoenix Suns,2011,regular,63,2012-04-19,0,Los Angeles Clippers,
243,Phoenix Suns,2011,regular,64,2012-04-21,0,Denver Nuggets,
244,Phoenix Suns,2011,regular,65,2012-04-24,1,Utah Jazz,
245,Phoenix Suns,2011,regular,66,2012-04-25,0,San Antonio Spurs,
246,Phoenix Suns,2012,regular,1,2012-10-31,0,Golden State Warriors,
247,Phoenix Suns,2012,regular,2,2012-11-02,0,Detroit Pistons,
248,Phoenix Suns,2012,regular,3,2012-11-04,1,Orlando Magic,
249,Phoenix Suns,2012,regular,4,2012-11-05,1,Miami Heat,
250,Phoenix Suns,2012,regular,5,2012-11-07,1,Charlotte Bobcats,
251,Phoenix Suns,2012,regular,6,2012-11-09,0,Cleveland Cavaliers,
252,Phoenix Suns,2012,regular,7,2012-11-10,1,Utah Jazz,
253,Phoenix Suns,2012,regular,8,2012-11-12,0,Denver Nuggets,
254,Phoenix Suns,2012,regular,9,2012-11-14,0,Chicago Bulls,OT
255,Phoenix Suns,2012,regular,10,2012-11-16,1,Los Angeles Lakers,
256,Phoenix Suns,2012,regular,11,2012-11-17,0,Miami Heat,
257,Phoenix Suns,2012,regular,12,2012-11-21,0,Portland Trail Blazers,
258,Phoenix Suns,2012,regular,13,2012-11-23,0,New Orleans Hornets,OT
259,Phoenix Suns,2012,regular,14,2012-11-25,1,Philadelphia 76ers,
260,Phoenix Suns,2012,regular,15,2012-11-27,1,Cleveland Cavaliers,
261,Phoenix Suns,2012,regular,16,2012-11-28,1,Detroit Pistons,
262,Phoenix Suns,2012,regular,17,2012-11-30,1,Toronto Raptors,
263,Phoenix Suns,2012,regular,18,2012-12-02,1,New York Knicks,
264,Phoenix Suns,2012,regular,19,2012-12-04,1,Memphis Grizzlies,OT
265,Phoenix Suns,2012,regular,20,2012-12-06,0,Dallas Mavericks,
266,Phoenix Suns,2012,regular,21,2012-12-08,1,Los Angeles Clippers,
267,Phoenix Suns,2012,regular,22,2012-12-09,0,Orlando Magic,
268,Phoenix Suns,2012,regular,23,2012-12-12,0,Memphis Grizzlies,
269,Phoenix Suns,2012,regular,24,2012-12-14,0,Utah Jazz,
270,Phoenix Suns,2012,regular,25,2012-12-17,0,Sacramento Kings,
271,Phoenix Suns,2012,regular,26,2012-12-19,0,Charlotte Bobcats,
272,Phoenix Suns,2012,regular,27,2012-12-22,1,Portland Trail Blazers,
273,Phoenix Suns,2012,regular,28,2012-12-23,0,Los Angeles Clippers,
274,Phoenix Suns,2012,regular,29,2012-12-26,0,New York Knicks,
275,Phoenix Suns,2012,regular,30,2012-12-28,1,Indiana Pacers,
276,Phoenix Suns,2012,regular,31,2012-12-29,1,Minnesota Timberwolves,
277,Phoenix Suns,2012,regular,32,2012-12-31,1,Oklahoma City Thunder,
278,Phoenix Suns,2012,regular,33,2013-01-02,0,Philadelphia 76ers,
279,Phoenix Suns,2012,regular,34,2013-01-04,0,Utah Jazz,
280,Phoenix Suns,2012,regular,35,2013-01-06,0,Memphis Grizzlies,
281,Phoenix Suns,2012,regular,36,2013-01-08,1,Milwaukee Bucks,
282,Phoenix Suns,2012,regular,37,2013-01-09,1,Boston Celtics,
283,Phoenix Suns,2012,regular,38,2013-01-11,1,Brooklyn Nets,
284,Phoenix Suns,2012,regular,39,2013-01-12,1,Chicago Bulls,
285,Phoenix Suns,2012,regular,40,2013-01-14,0,Oklahoma City Thunder,
286,Phoenix Suns,2012,regular,41,2013-01-17,0,Milwaukee Bucks,
287,Phoenix Suns,2012,regular,42,2013-01-23,1,Sacramento Kings,
288,Phoenix Suns,2012,regular,43,2013-01-24,0,Los Angeles Clippers,
289,Phoenix Suns,2012,regular,44,2013-01-26,1,San Antonio Spurs,
290,Phoenix Suns,2012,regular,45,2013-01-27,1,Dallas Mavericks,
291,Phoenix Suns,2012,regular,46,2013-01-30,0,Los Angeles Lakers,
292,Phoenix Suns,2012,regular,47,2013-02-01,0,Dallas Mavericks,
293,Phoenix Suns,2012,regular,48,2013-02-02,1,Golden State Warriors,
294,Phoenix Suns,2012,regular,49,2013-02-05,1,Memphis Grizzlies,
295,Phoenix Suns,2012,regular,50,2013-02-06,1,New Orleans Hornets,
296,Phoenix Suns,2012,regular,51,2013-02-08,1,Oklahoma City Thunder,
297,Phoenix Suns,2012,regular,52,2013-02-10,0,Oklahoma City Thunder,
298,Phoenix Suns,2012,regular,53,2013-02-12,1,Los Angeles Lakers,
299,Phoenix Suns,2012,regular,54,2013-02-19,1,Portland Trail Blazers,
300,Phoenix Suns,2012,regular,55,2013-02-20,1,Golden State Warriors,
301,Phoenix Suns,2012,regular,56,2013-02-22,0,Boston Celtics,
302,Phoenix Suns,2012,regular,57,2013-02-24,0,San Antonio Spurs,
303,Phoenix Suns,2012,regular,58,2013-02-26,0,Minnesota Timberwolves,OT
304,Phoenix Suns,2012,regular,59,2013-02-27,1,San Antonio Spurs,OT
305,Phoenix Suns,2012,regular,60,2013-03-01,0,Atlanta Hawks,
306,Phoenix Suns,2012,regular,61,2013-03-06,0,Toronto Raptors,
307,Phoenix Suns,2012,regular,62,2013-03-08,1,Sacramento Kings,
308,Phoenix Suns,2012,regular,63,2013-03-09,0,Houston Rockets,
309,Phoenix Suns,2012,regular,64,2013-03-11,0,Denver Nuggets,
310,Phoenix Suns,2012,regular,65,2013-03-13,1,Houston Rockets,
311,Phoenix Suns,2012,regular,66,2013-03-15,1,Atlanta Hawks,
312,Phoenix Suns,2012,regular,67,2013-03-16,1,Washington Wizards,
313,Phoenix Suns,2012,regular,68,2013-03-18,0,Los Angeles Lakers,
314,Phoenix Suns,2012,regular,69,2013-03-20,0,Washington Wizards,
315,Phoenix Suns,2012,regular,70,2013-03-22,0,Minnesota Timberwolves,
316,Phoenix Suns,2012,regular,71,2013-03-24,0,Brooklyn Nets,
317,Phoenix Suns,2012,regular,72,2013-03-27,1,Utah Jazz,
318,Phoenix Suns,2012,regular,73,2013-03-28,0,Sacramento Kings,
319,Phoenix Suns,2012,regular,74,2013-03-30,0,Indiana Pacers,
320,Phoenix Suns,2012,regular,75,2013-04-03,1,Los Angeles Clippers,
321,Phoenix Suns,2012,regular,76,2013-04-05,0,Golden State Warriors,
322,Phoenix Suns,2012,regular,77,2013-04-07,0,New Orleans Hornets,
323,Phoenix Suns,2012,regular,78,2013-04-09,1,Houston Rockets,
324,Phoenix Suns,2012,regular,79,2013-04-10,1,Dallas Mavericks,
325,Phoenix Suns,2012,regular,80,2013-04-13,1,Minnesota Timberwolves,
326,Phoenix Suns,2012,regular,81,2013-04-15,0,Houston Rockets,
327,Phoenix Suns,2012,regular,82,2013-04-17,1,Denver Nuggets,
328,Phoenix Suns,2013,regular,1,2013-10-30,0,Portland Trail Blazers,
329,Phoenix Suns,2013,regular,2,2013-11-01,0,Utah Jazz,
330,Phoenix Suns,2013,regular,3,2013-11-03,1,Oklahoma City Thunder,
331,Phoenix Suns,2013,regular,4,2013-11-05,1,New Orleans Pelicans,
332,Phoenix Suns,2013,regular,5,2013-11-06,1,San Antonio Spurs,
333,Phoenix Suns,2013,regular,6,2013-11-08,0,Denver Nuggets,
334,Phoenix Suns,2013,regular,7,2013-11-10,0,New Orleans Pelicans,
335,Phoenix Suns,2013,regular,8,2013-11-13,1,Portland Trail Blazers,
336,Phoenix Suns,2013,regular,9,2013-11-15,0,Brooklyn Nets,OT
337,Phoenix Suns,2013,regular,10,2013-11-19,1,Sacramento Kings,
338,Phoenix Suns,2013,regular,11,2013-11-20,0,Sacramento Kings,
339,Phoenix Suns,2013,regular,12,2013-11-22,1,Charlotte Bobcats,
340,Phoenix Suns,2013,regular,13,2013-11-24,1,Orlando Magic,
341,Phoenix Suns,2013,regular,14,2013-11-25,1,Miami Heat,
342,Phoenix Suns,2013,regular,15,2013-11-27,0,Portland Trail Blazers,
343,Phoenix Suns,2013,regular,16,2013-11-29,1,Utah Jazz,
344,Phoenix Suns,2013,regular,17,2013-11-30,0,Utah Jazz,
345,Phoenix Suns,2013,regular,18,2013-12-03,1,Memphis Grizzlies,
346,Phoenix Suns,2013,regular,19,2013-12-04,1,Houston Rockets,
347,Phoenix Suns,2013,regular,20,2013-12-06,0,Toronto Raptors,
348,Phoenix Suns,2013,regular,21,2013-12-10,1,Los Angeles Lakers,
349,Phoenix Suns,2013,regular,22,2013-12-13,0,Sacramento Kings,
350,Phoenix Suns,2013,regular,23,2013-12-15,0,Golden State Warriors,
351,Phoenix Suns,2013,regular,24,2013-12-18,0,San Antonio Spurs,
352,Phoenix Suns,2013,regular,25,2013-12-20,1,Denver Nuggets,
353,Phoenix Suns,2013,regular,26,2013-12-21,0,Dallas Mavericks,
354,Phoenix Suns,2013,regular,27,2013-12-23,0,Los Angeles Lakers,
355,Phoenix Suns,2013,regular,28,2013-12-27,1,Golden State Warriors,
356,Phoenix Suns,2013,regular,29,2013-12-28,0,Philadelphia 76ers,
357,Phoenix Suns,2013,regular,30,2013-12-30,1,Los Angeles Clippers,
358,Phoenix Suns,2013,regular,31,2014-01-02,0,Memphis Grizzlies,
359,Phoenix Suns,2013,regular,32,2014-01-04,0,Milwaukee Bucks,
360,Phoenix Suns,2013,regular,33,2014-01-07,1,Chicago Bulls,
361,Phoenix Suns,2013,regular,34,2014-01-08,1,Minnesota Timberwolves,
362,Phoenix Suns,2013,regular,35,2014-01-10,1,Memphis Grizzlies,
363,Phoenix Suns,2013,regular,36,2014-01-11,1,Detroit Pistons,
364,Phoenix Suns,2013,regular,37,2014-01-13,1,New York Knicks,OT
365,Phoenix Suns,2013,regular,38,2014-01-15,0,Los Angeles Lakers,
366,Phoenix Suns,2013,regular,39,2014-01-17,0,Dallas Mavericks,
367,Phoenix Suns,2013,regular,40,2014-01-19,0,Denver Nuggets,
368,Phoenix Suns,2013,regular,41,2014-01-22,0,Indiana Pacers,
369,Phoenix Suns,2013,regular,42,2014-01-24,0,Washington Wizards,
370,Phoenix Suns,2013,regular,43,2014-01-26,1,Cleveland Cavaliers,
371,Phoenix Suns,2013,regular,44,2014-01-27,1,Philadelphia 76ers,
372,Phoenix Suns,2013,regular,45,2014-01-29,1,Milwaukee Bucks,
373,Phoenix Suns,2013,regular,46,2014-01-30,1,Indiana Pacers,
374,Phoenix Suns,2013,regular,47,2014-02-01,0,Charlotte Bobcats,
375,Phoenix Suns,2013,regular,48,2014-02-04,0,Chicago Bulls,
376,Phoenix Suns,2013,regular,49,2014-02-05,1,Houston Rockets,
377,Phoenix Suns,2013,regular,50,2014-02-08,0,Golden State Warriors,
378,Phoenix Suns,2013,regular,51,2014-02-11,0,Miami Heat,
379,Phoenix Suns,2013,regular,52,2014-02-18,1,Denver Nuggets,OT
380,Phoenix Suns,2013,regular,53,2014-02-19,0,Boston Celtics,
381,Phoenix Suns,2013,regular,54,2014-02-21,0,San Antonio Spurs,
382,Phoenix Suns,2013,regular,55,2014-02-23,0,Houston Rockets,
383,Phoenix Suns,2013,regular,56,2014-02-25,0,Minnesota Timberwolves,
384,Phoenix Suns,2013,regular,57,2014-02-26,1,Utah Jazz,
385,Phoenix Suns,2013,regular,58,2014-02-28,0,New Orleans Pelicans,
386,Phoenix Suns,2013,regular,59,2014-03-02,0,Atlanta Hawks,
387,Phoenix Suns,2013,regular,60,2014-03-04,0,Los Angeles Clippers,
388,Phoenix Suns,2013,regular,61,2014-03-06,0,Oklahoma City Thunder,
389,Phoenix Suns,2013,regular,62,2014-03-09,1,Golden State Warriors,
390,Phoenix Suns,2013,regular,63,2014-03-10,1,Los Angeles Clippers,
391,Phoenix Suns,2013,regular,64,2014-03-12,0,Cleveland Cavaliers,
392,Phoenix Suns,2013,regular,65,2014-03-14,1,Boston Celtics,
393,Phoenix Suns,2013,regular,66,2014-03-16,1,Toronto Raptors,
394,Phoenix Suns,2013,regular,67,2014-03-17,1,Brooklyn Nets,
395,Phoenix Suns,2013,regular,68,2014-03-19,0,Orlando Magic,
396,Phoenix Suns,2013,regular,69,2014-03-21,0,Detroit Pistons,
397,Phoenix Suns,2013,regular,70,2014-03-23,1,Minnesota Timberwolves,
398,Phoenix Suns,2013,regular,71,2014-03-24,1,Atlanta Hawks,
399,Phoenix Suns,2013,regular,72,2014-03-26,1,Washington Wizards,
400,Phoenix Suns,2013,regular,73,2014-03-28,0,New York Knicks,
401,Phoenix Suns,2013,regular,74,2014-03-30,1,Los Angeles Lakers,
402,Phoenix Suns,2013,regular,75,2014-04-02,0,Los Angeles Clippers,
403,Phoenix Suns,2013,regular,76,2014-04-04,1,Portland Trail Blazers,
404,Phoenix Suns,2013,regular,77,2014-04-06,0,Oklahoma City Thunder,
405,Phoenix Suns,2013,regular,78,2014-04-09,1,New Orleans Pelicans,
406,Phoenix Suns,2013,regular,79,2014-04-11,1,San Antonio Spurs,
407,Phoenix Suns,2013,regular,80,2014-04-12,1,Dallas Mavericks,
408,Phoenix Suns,2013,regular,81,2014-04-14,0,Memphis Grizzlies,
409,Phoenix Suns,2013,regular,82,2014-04-16,1,Sacramento Kings,
410,Phoenix Suns,2014,regular,1,2014-10-29,0,Los Angeles Lakers,
411,Phoenix Suns,2014,regular,2,2014-10-31,0,San Antonio Spurs,
412,Phoenix Suns,2014,regular,3,2014-11-01,1,Utah Jazz,
413,Phoenix Suns,2014,regular,4,2014-11-04,1,Los Angeles Lakers,
414,Phoenix Suns,2014,regular,5,2014-11-05,0,Memphis Grizzlies,
415,Phoenix Suns,2014,regular,6,2014-11-07,0,Sacramento Kings,2OT
416,Phoenix Suns,2014,regular,7,2014-11-09,0,Golden State Warriors,
417,Phoenix Suns,2014,regular,8,2014-11-12,0,Brooklyn Nets,
418,Phoenix Suns,2014,regular,9,2014-11-14,0,Charlotte Hornets,
419,Phoenix Suns,2014,regular,10,2014-11-15,1,Los Angeles Clippers,
420,Phoenix Suns,2014,regular,11,2014-11-17,1,Boston Celtics,
421,Phoenix Suns,2014,regular,12,2014-11-19,1,Detroit Pistons,
422,Phoenix Suns,2014,regular,13,2014-11-21,1,Philadelphia 76ers,
423,Phoenix Suns,2014,regular,14,2014-11-22,1,Indiana Pacers,
424,Phoenix Suns,2014,regular,15,2014-11-24,1,Toronto Raptors,
425,Phoenix Suns,2014,regular,16,2014-11-26,0,Denver Nuggets,
426,Phoenix Suns,2014,regular,17,2014-11-28,1,Denver Nuggets,
427,Phoenix Suns,2014,regular,18,2014-11-30,0,Orlando Magic,
428,Phoenix Suns,2014,regular,19,2014-12-02,0,Indiana Pacers,
429,Phoenix Suns,2014,regular,20,2014-12-05,1,Dallas Mavericks,
430,Phoenix Suns,2014,regular,21,2014-12-06,1,Houston Rockets,
431,Phoenix Suns,2014,regular,22,2014-12-08,1,Los Angeles Clippers,OT
432,Phoenix Suns,2014,regular,23,2014-12-09,0,Miami Heat,
433,Phoenix Suns,2014,regular,24,2014-12-12,0,Detroit Pistons,
434,Phoenix Suns,2014,regular,25,2014-12-14,1,Oklahoma City Thunder,
435,Phoenix Suns,2014,regular,26,2014-12-15,0,Milwaukee Bucks,
436,Phoenix Suns,2014,regular,27,2014-12-17,1,Charlotte Hornets,
437,Phoenix Suns,2014,regular,28,2014-12-20,1,New York Knicks,
438,Phoenix Suns,2014,regular,29,2014-12-21,1,Washington Wizards,
439,Phoenix Suns,2014,regular,30,2014-12-23,0,Dallas Mavericks,
440,Phoenix Suns,2014,regular,31,2014-12-26,1,Sacramento Kings,
441,Phoenix Suns,2014,regular,32,2014-12-28,1,Los Angeles Lakers,
442,Phoenix Suns,2014,regular,33,2014-12-30,1,New Orleans Pelicans,
443,Phoenix Suns,2014,regular,34,2014-12-31,1,Oklahoma City Thunder,OT
444,Phoenix Suns,2014,regular,35,2015-01-02,0,Philadelphia 76ers,
445,Phoenix Suns,2014,regular,36,2015-01-04,0,Toronto Raptors,
446,Phoenix Suns,2014,regular,37,2015-01-06,1,Milwaukee Bucks,
447,Phoenix Suns,2014,regular,38,2015-01-07,1,Minnesota Timberwolves,
448,Phoenix Suns,2014,regular,39,2015-01-09,1,San Antonio Spurs,
449,Phoenix Suns,2014,regular,40,2015-01-11,1,Memphis Grizzlies,2OT
450,Phoenix Suns,2014,regular,41,2015-01-13,0,Cleveland Cavaliers,
451,Phoenix Suns,2014,regular,42,2015-01-16,0,Minnesota Timberwolves,
452,Phoenix Suns,2014,regular,43,2015-01-19,0,Los Angeles Lakers,
453,Phoenix Suns,2014,regular,44,2015-01-21,0,Portland Trail Blazers,
454,Phoenix Suns,2014,regular,45,2015-01-23,0,Houston Rockets,
455,Phoenix Suns,2014,regular,46,2015-01-25,0,Los Angeles Clippers,
456,Phoenix Suns,2014,regular,47,2015-01-28,0,Washington Wizards,
457,Phoenix Suns,2014,regular,48,2015-01-30,0,Chicago Bulls,
458,Phoenix Suns,2014,regular,49,2015-01-31,1,Golden State Warriors,
459,Phoenix Suns,2014,regular,50,2015-02-02,0,Memphis Grizzlies,
460,Phoenix Suns,2014,regular,51,2015-02-05,1,Portland Trail Blazers,
461,Phoenix Suns,2014,regular,52,2015-02-06,0,Utah Jazz,
462,Phoenix Suns,2014,regular,53,2015-02-08,1,Sacramento Kings,
463,Phoenix Suns,2014,regular,54,2015-02-10,0,Houston Rockets,
464,Phoenix Suns,2014,regular,55,2015-02-20,1,Minnesota Timberwolves,
465,Phoenix Suns,2014,regular,56,2015-02-21,1,Chicago Bulls,
466,Phoenix Suns,2014,regular,57,2015-02-23,0,Boston Celtics,
467,Phoenix Suns,2014,regular,58,2015-02-25,1,Denver Nuggets,
468,Phoenix Suns,2014,regular,59,2015-02-26,0,Oklahoma City Thunder,OT
469,Phoenix Suns,2014,regular,60,2015-02-28,0,San Antonio Spurs,
470,Phoenix Suns,2014,regular,61,2015-03-02,1,Miami Heat,
471,Phoenix Suns,2014,regular,62,2015-03-04,1,Orlando Magic,
472,Phoenix Suns,2014,regular,63,2015-03-06,1,Brooklyn Nets,OT
473,Phoenix Suns,2014,regular,64,2015-03-07,1,Cleveland Cavaliers,
474,Phoenix Suns,2014,regular,65,2015-03-09,0,Golden State Warriors,
475,Phoenix Suns,2014,regular,66,2015-03-11,0,Minnesota Timberwolves,
476,Phoenix Suns,2014,regular,67,2015-03-13,0,Atlanta Hawks,
477,Phoenix Suns,2014,regular,68,2015-03-15,0,New York Knicks,
478,Phoenix Suns,2014,regular,69,2015-03-19,0,New Orleans Pelicans,
479,Phoenix Suns,2014,regular,70,2015-03-21,1,Houston Rockets,
480,Phoenix Suns,2014,regular,71,2015-03-22,0,Dallas Mavericks,
481,Phoenix Suns,2014,regular,72,2015-03-25,0,Sacramento Kings,
482,Phoenix Suns,2014,regular,73,2015-03-27,0,Portland Trail Blazers,
483,Phoenix Suns,2014,regular,74,2015-03-29,0,Oklahoma City Thunder,
484,Phoenix Suns,2014,regular,75,2015-03-30,1,Portland Trail Blazers,
485,Phoenix Suns,2014,regular,76,2015-04-02,1,Golden State Warriors,
486,Phoenix Suns,2014,regular,77,2015-04-04,0,Utah Jazz,
487,Phoenix Suns,2014,regular,78,2015-04-07,1,Atlanta Hawks,
488,Phoenix Suns,2014,regular,79,2015-04-08,1,Dallas Mavericks,
489,Phoenix Suns,2014,regular,80,2015-04-10,1,New Orleans Pelicans,
490,Phoenix Suns,2014,regular,81,2015-04-12,1,San Antonio Spurs,
491,Phoenix Suns,2014,regular,82,2015-04-14,0,Los Angeles Clippers,
492,Phoenix Suns,2015,regular,1,2015-10-28,0,Dallas Mavericks,
493,Phoenix Suns,2015,regular,2,2015-10-30,0,Portland Trail Blazers,
494,Phoenix Suns,2015,regular,3,2015-10-31,1,Portland Trail Blazers,
495,Phoenix Suns,2015,regular,4,2015-11-02,1,Los Angeles Clippers,
496,Phoenix Suns,2015,regular,5,2015-11-04,0,Sacramento Kings,
497,Phoenix Suns,2015,regular,6,2015-11-06,0,Detroit Pistons,
498,Phoenix Suns,2015,regular,7,2015-11-08,1,Oklahoma City Thunder,
499,Phoenix Suns,2015,regular,8,2015-11-12,0,Los Angeles Clippers,
500,Phoenix Suns,2015,regular,9,2015-11-14,0,Denver Nuggets,
501,Phoenix Suns,2015,regular,10,2015-11-16,0,Los Angeles Lakers,
502,Phoenix Suns,2015,regular,11,2015-11-18,0,Chicago Bulls,
503,Phoenix Suns,2015,regular,12,2015-11-20,1,Denver Nuggets,
504,Phoenix Suns,2015,regular,13,2015-11-22,1,New Orleans Pelicans,
505,Phoenix Suns,2015,regular,14,2015-11-23,1,San Antonio Spurs,
506,Phoenix Suns,2015,regular,15,2015-11-25,0,New Orleans Pelicans,
507,Phoenix Suns,2015,regular,16,2015-11-27,0,Golden State Warriors,
508,Phoenix Suns,2015,regular,17,2015-11-29,1,Toronto Raptors,
509,Phoenix Suns,2015,regular,18,2015-12-01,1,Brooklyn Nets,
510,Phoenix Suns,2015,regular,19,2015-12-02,1,Detroit Pistons,OT
511,Phoenix Suns,2015,regular,20,2015-12-04,1,Washington Wizards,
512,Phoenix Suns,2015,regular,21,2015-12-06,1,Memphis Grizzlies,
513,Phoenix Suns,2015,regular,22,2015-12-07,1,Chicago Bulls,
514,Phoenix Suns,2015,regular,23,2015-12-09,0,Orlando Magic,
515,Phoenix Suns,2015,regular,24,2015-12-11,0,Portland Trail Blazers,
516,Phoenix Suns,2015,regular,25,2015-12-13,0,Minnesota Timberwolves,
517,Phoenix Suns,2015,regular,26,2015-12-14,1,Dallas Mavericks,
518,Phoenix Suns,2015,regular,27,2015-12-16,1,Golden State Warriors,
519,Phoenix Suns,2015,regular,28,2015-12-18,0,New Orleans Pelicans,
520,Phoenix Suns,2015,regular,29,2015-12-20,0,Milwaukee Bucks,
521,Phoenix Suns,2015,regular,30,2015-12-21,1,Utah Jazz,
522,Phoenix Suns,2015,regular,31,2015-12-23,0,Denver Nuggets,
523,Phoenix Suns,2015,regular,32,2015-12-26,0,Philadelphia 76ers,
524,Phoenix Suns,2015,regular,33,2015-12-28,0,Cleveland Cavaliers,
525,Phoenix Suns,2015,regular,34,2015-12-30,1,San Antonio Spurs,
526,Phoenix Suns,2015,regular,35,2015-12-31,1,Oklahoma City Thunder,
527,Phoenix Suns,2015,regular,36,2016-01-02,1,Sacramento Kings,
528,Phoenix Suns,2015,regular,37,2016-01-03,1,Los Angeles Lakers,
529,Phoenix Suns,2015,regular,38,2016-01-06,0,Charlotte Hornets,
530,Phoenix Suns,2015,regular,39,2016-01-08,0,Miami Heat,
531,Phoenix Suns,2015,regular,40,2016-01-12,1,Indiana Pacers,
532,Phoenix Suns,2015,regular,41,2016-01-15,1,Boston Celtics,
533,Phoenix Suns,2015,regular,42,2016-01-17,1,Minnesota Timberwolves,
534,Phoenix Suns,2015,regular,43,2016-01-19,0,Indiana Pacers,
535,Phoenix Suns,2015,regular,44,2016-01-21,0,San Antonio Spurs,
536,Phoenix Suns,2015,regular,45,2016-01-23,0,Atlanta Hawks,
537,Phoenix Suns,2015,regular,46,2016-01-26,1,Philadelphia 76ers,
538,Phoenix Suns,2015,regular,47,2016-01-27,1,Cleveland Cavaliers,
539,Phoenix Suns,2015,regular,48,2016-01-29,1,New York Knicks,
540,Phoenix Suns,2015,regular,49,2016-01-31,1,Dallas Mavericks,
541,Phoenix Suns,2015,regular,50,2016-02-02,0,Toronto Raptors,
542,Phoenix Suns,2015,regular,51,2016-02-04,0,Houston Rockets,
543,Phoenix Suns,2015,regular,52,2016-02-06,0,Utah Jazz,
544,Phoenix Suns,2015,regular,53,2016-02-08,0,Oklahoma City Thunder,
545,Phoenix Suns,2015,regular,54,2016-02-10,0,Golden State Warriors,
546,Phoenix Suns,2015,regular,55,2016-02-19,0,Houston Rockets,
547,Phoenix Suns,2015,regular,56,2016-02-21,0,San Antonio Spurs,
548,Phoenix Suns,2015,regular,57,2016-02-22,1,Los Angeles Clippers,
549,Phoenix Suns,2015,regular,58,2016-02-25,0,Brooklyn Nets,
550,Phoenix Suns,2015,regular,59,2016-02-27,0,Memphis Grizzlies,
551,Phoenix Suns,2015,regular,60,2016-03-01,1,Charlotte Hornets,
552,Phoenix Suns,2015,regular,61,2016-03-03,1,Miami Heat,
553,Phoenix Suns,2015,regular,62,2016-03-04,1,Orlando Magic,
554,Phoenix Suns,2015,regular,63,2016-03-06,1,Memphis Grizzlies,
555,Phoenix Suns,2015,regular,64,2016-03-09,0,New York Knicks,
556,Phoenix Suns,2015,regular,65,2016-03-10,1,Denver Nuggets,
557,Phoenix Suns,2015,regular,66,2016-03-12,1,Golden State Warriors,
558,Phoenix Suns,2015,regular,67,2016-03-14,0,Minnesota Timberwolves,
559,Phoenix Suns,2015,regular,68,2016-03-17,1,Utah Jazz,
560,Phoenix Suns,2015,regular,69,2016-03-18,1,Los Angeles Lakers,
561,Phoenix Suns,2015,regular,70,2016-03-21,0,Memphis Grizzlies,
562,Phoenix Suns,2015,regular,71,2016-03-23,0,Los Angeles Lakers,
563,Phoenix Suns,2015,regular,72,2016-03-25,1,Sacramento Kings,
564,Phoenix Suns,2015,regular,73,2016-03-26,0,Boston Celtics,
565,Phoenix Suns,2015,regular,74,2016-03-28,1,Minnesota Timberwolves,
566,Phoenix Suns,2015,regular,75,2016-03-30,1,Milwaukee Bucks,
567,Phoenix Suns,2015,regular,76,2016-04-01,0,Washington Wizards,
568,Phoenix Suns,2015,regular,77,2016-04-03,0,Utah Jazz,
569,Phoenix Suns,2015,regular,78,2016-04-05,1,Atlanta Hawks,
570,Phoenix Suns,2015,regular,79,2016-04-07,1,Houston Rockets,
571,Phoenix Suns,2015,regular,80,2016-04-09,1,New Orleans Pelicans,
572,Phoenix Suns,2015,regular,81,2016-04-11,0,Sacramento Kings,
573,Phoenix Suns,2015,regular,82,2016-04-13,0,Los Angeles Clippers,
574,Phoenix Suns,2016,regular,1,2016-10-26,0,Sacramento Kings,
575,Phoenix Suns,2016,regular,2,2016-10-28,1,Oklahoma City Thunder,OT
576,Phoenix Suns,2016,regular,3,2016-10-30,0,Golden State Warriors,
577,Phoenix Suns,2016,regular,4,2016-10-31,1,Los Angeles Clippers,
578,Phoenix Suns,2016,regular,5,2016-11-02,0,Portland Trail Blazers,OT
579,Phoenix Suns,2016,regular,6,2016-11-04,1,New Orleans Pelicans,OT
580,Phoenix Suns,2016,regular,7,2016-11-06,1,Los Angeles Lakers,
581,Phoenix Suns,2016,regular,8,2016-11-08,1,Portland Trail Blazers,
582,Phoenix Suns,2016,regular,9,2016-11-09,0,Detroit Pistons,
583,Phoenix Suns,2016,regular,10,2016-11-12,0,Brooklyn Nets,
584,Phoenix Suns,2016,regular,11,2016-11-13,1,Golden State Warriors,
585,Phoenix Suns,2016,regular,12,2016-11-16,1,Denver Nuggets,
586,Phoenix Suns,2016,regular,13,2016-11-18,1,Indiana Pacers,
587,Phoenix Suns,2016,regular,14,2016-11-19,1,Philadelphia 76ers,
588,Phoenix Suns,2016,regular,15,2016-11-21,1,Washington Wizards,
589,Phoenix Suns,2016,regular,16,2016-11-23,1,Orlando Magic,
590,Phoenix Suns,2016,regular,17,2016-11-25,0,Minnesota Timberwolves,
591,Phoenix Suns,2016,regular,18,2016-11-27,0,Denver Nuggets,
592,Phoenix Suns,2016,regular,19,2016-11-30,0,Atlanta Hawks,
593,Phoenix Suns,2016,regular,20,2016-12-03,1,Golden State Warriors,
594,Phoenix Suns,2016,regular,21,2016-12-06,1,Utah Jazz,
595,Phoenix Suns,2016,regular,22,2016-12-07,0,Indiana Pacers,
596,Phoenix Suns,2016,regular,23,2016-12-09,1,Los Angeles Lakers,
597,Phoenix Suns,2016,regular,24,2016-12-11,0,New Orleans Pelicans,OT
598,Phoenix Suns,2016,regular,25,2016-12-13,0,New York Knicks,OT
599,Phoenix Suns,2016,regular,26,2016-12-15,0,San Antonio Spurs,
600,Phoenix Suns,2016,regular,27,2016-12-17,1,Oklahoma City Thunder,
601,Phoenix Suns,2016,regular,28,2016-12-19,1,Minnesota Timberwolves,
602,Phoenix Suns,2016,regular,29,2016-12-21,0,Houston Rockets,
603,Phoenix Suns,2016,regular,30,2016-12-23,0,Philadelphia 76ers,
604,Phoenix Suns,2016,regular,31,2016-12-26,1,Houston Rockets,
605,Phoenix Suns,2016,regular,32,2016-12-28,1,San Antonio Spurs,
606,Phoenix Suns,2016,regular,33,2016-12-29,0,Toronto Raptors,
607,Phoenix Suns,2016,regular,34,2016-12-31,1,Utah Jazz,
608,Phoenix Suns,2016,regular,35,2017-01-02,1,Los Angeles Clippers,
609,Phoenix Suns,2016,regular,36,2017-01-03,0,Miami Heat,
610,Phoenix Suns,2016,regular,37,2017-01-05,1,Dallas Mavericks,
611,Phoenix Suns,2016,regular,38,2017-01-08,0,Cleveland Cavaliers,
612,Phoenix Suns,2016,regular,39,2017-01-12,0,Dallas Mavericks,
613,Phoenix Suns,2016,regular,40,2017-01-14,0,San Antonio Spurs,
614,Phoenix Suns,2016,regular,41,2017-01-16,0,Utah Jazz,
615,Phoenix Suns,2016,regular,42,2017-01-19,1,Cleveland Cavaliers,
616,Phoenix Suns,2016,regular,43,2017-01-21,1,New York Knicks,
617,Phoenix Suns,2016,regular,44,2017-01-22,1,Toronto Raptors,
618,Phoenix Suns,2016,regular,45,2017-01-24,0,Minnesota Timberwolves,
619,Phoenix Suns,2016,regular,46,2017-01-26,1,Denver Nuggets,
620,Phoenix Suns,2016,regular,47,2017-01-28,0,Denver Nuggets,
621,Phoenix Suns,2016,regular,48,2017-01-30,0,Memphis Grizzlies,
622,Phoenix Suns,2016,regular,49,2017-02-01,0,Los Angeles Clippers,
623,Phoenix Suns,2016,regular,50,2017-02-03,1,Sacramento Kings,
624,Phoenix Suns,2016,regular,51,2017-02-04,0,Milwaukee Bucks,
625,Phoenix Suns,2016,regular,52,2017-02-06,1,New Orleans Pelicans,
626,Phoenix Suns,2016,regular,53,2017-02-08,1,Memphis Grizzlies,
627,Phoenix Suns,2016,regular,54,2017-02-10,0,Chicago Bulls,
628,Phoenix Suns,2016,regular,55,2017-02-11,1,Houston Rockets,
629,Phoenix Suns,2016,regular,56,2017-02-13,0,New Orleans Pelicans,
630,Phoenix Suns,2016,regular,57,2017-02-15,0,Los Angeles Lakers,
631,Phoenix Suns,2016,regular,58,2017-02-24,1,Chicago Bulls,OT
632,Phoenix Suns,2016,regular,59,2017-02-26,1,Milwaukee Bucks,
633,Phoenix Suns,2016,regular,60,2017-02-28,1,Memphis Grizzlies,
634,Phoenix Suns,2016,regular,61,2017-03-02,0,Charlotte Hornets,
635,Phoenix Suns,2016,regular,62,2017-03-03,0,Oklahoma City Thunder,
636,Phoenix Suns,2016,regular,63,2017-03-05,0,Boston Celtics,
637,Phoenix Suns,2016,regular,64,2017-03-07,0,Washington Wizards,
638,Phoenix Suns,2016,regular,65,2017-03-09,0,Los Angeles Lakers,
639,Phoenix Suns,2016,regular,66,2017-03-11,1,Dallas Mavericks,
640,Phoenix Suns,2016,regular,67,2017-03-12,0,Portland Trail Blazers,
641,Phoenix Suns,2016,regular,68,2017-03-15,0,Sacramento Kings,
642,Phoenix Suns,2016,regular,69,2017-03-17,0,Orlando Magic,
643,Phoenix Suns,2016,regular,70,2017-03-19,1,Detroit Pistons,
644,Phoenix Suns,2016,regular,71,2017-03-21,1,Miami Heat,
645,Phoenix Suns,2016,regular,72,2017-03-23,1,Brooklyn Nets,
646,Phoenix Suns,2016,regular,73,2017-03-24,1,Boston Celtics,
647,Phoenix Suns,2016,regular,74,2017-03-26,1,Charlotte Hornets,
648,Phoenix Suns,2016,regular,75,2017-03-28,1,Atlanta Hawks,
649,Phoenix Suns,2016,regular,76,2017-03-30,0,Los Angeles Clippers,
650,Phoenix Suns,2016,regular,77,2017-04-01,1,Portland Trail Blazers,
651,Phoenix Suns,2016,regular,78,2017-04-02,0,Houston Rockets,
652,Phoenix Suns,2016,regular,79,2017-04-05,0,Golden State Warriors,
653,Phoenix Suns,2016,regular,80,2017-04-07,0,Oklahoma City Thunder,
654,Phoenix Suns,2016,regular,81,2017-04-09,0,Dallas Mavericks,
655,Phoenix Suns,2016,regular,82,2017-04-11,1,Sacramento Kings,
656,Phoenix Suns,2017,regular,1,2017-10-18,0,Portland Trail Blazers,
657,Phoenix Suns,2017,regular,2,2017-10-20,0,Los Angeles Lakers,
658,Phoenix Suns,2017,regular,3,2017-10-21,1,Los Angeles Clippers,
659,Phoenix Suns,2017,regular,4,2017-10-23,0,Sacramento Kings,
660,Phoenix Suns,2017,regular,5,2017-10-25,0,Utah Jazz,
661,Phoenix Suns,2017,regular,6,2017-10-28,1,Portland Trail Blazers,
662,Phoenix Suns,2017,regular,7,2017-10-31,1,Brooklyn Nets,
663,Phoenix Suns,2017,regular,8,2017-11-01,1,Washington Wizards,
664,Phoenix Suns,2017,regular,9,2017-11-03,1,New York Knicks,
665,Phoenix Suns,2017,regular,10,2017-11-05,1,San Antonio Spurs,
666,Phoenix Suns,2017,regular,11,2017-11-06,0,Brooklyn Nets,
667,Phoenix Suns,2017,regular,12,2017-11-08,0,Miami Heat,
668,Phoenix Suns,2017,regular,13,2017-11-10,0,Orlando Magic,
669,Phoenix Suns,2017,regular,14,2017-11-11,0,Minnesota Timberwolves,
670,Phoenix Suns,2017,regular,15,2017-11-13,0,Los Angeles Lakers,
671,Phoenix Suns,2017,regular,16,2017-11-16,0,Houston Rockets,
672,Phoenix Suns,2017,regular,17,2017-11-17,1,Los Angeles Lakers,
673,Phoenix Suns,2017,regular,18,2017-11-19,0,Chicago Bulls,
674,Phoenix Suns,2017,regular,19,2017-11-22,0,Milwaukee Bucks,OT
675,Phoenix Suns,2017,regular,20,2017-11-24,0,New Orleans Pelicans,
676,Phoenix Suns,2017,regular,21,2017-11-26,1,Minnesota Timberwolves,
677,Phoenix Suns,2017,regular,22,2017-11-28,1,Chicago Bulls,
678,Phoenix Suns,2017,regular,23,2017-11-29,1,Detroit Pistons,
679,Phoenix Suns,2017,regular,24,2017-12-02,1,Boston Celtics,
680,Phoenix Suns,2017,regular,25,2017-12-04,1,Philadelphia 76ers,
681,Phoenix Suns,2017,regular,26,2017-12-05,1,Toronto Raptors,
682,Phoenix Suns,2017,regular,27,2017-12-07,0,Washington Wizards,
683,Phoenix Suns,2017,regular,28,2017-12-09,0,San Antonio Spurs,
684,Phoenix Suns,2017,regular,29,2017-12-12,1,Sacramento Kings,
685,Phoenix Suns,2017,regular,30,2017-12-13,0,Toronto Raptors,
686,Phoenix Suns,2017,regular,31,2017-12-16,1,Minnesota Timberwolves,
687,Phoenix Suns,2017,regular,32,2017-12-18,1,Dallas Mavericks,
688,Phoenix Suns,2017,regular,33,2017-12-20,1,Los Angeles Clippers,
689,Phoenix Suns,2017,regular,34,2017-12-21,0,Memphis Grizzlies,
690,Phoenix Suns,2017,regular,35,2017-12-23,0,Minnesota Timberwolves,
691,Phoenix Suns,2017,regular,36,2017-12-26,0,Memphis Grizzlies,
692,Phoenix Suns,2017,regular,37,2017-12-29,1,Sacramento Kings,
693,Phoenix Suns,2017,regular,38,2017-12-31,0,Philadelphia 76ers,
694,Phoenix Suns,2017,regular,39,2018-01-02,0,Atlanta Hawks,
695,Phoenix Suns,2017,regular,40,2018-01-03,1,Denver Nuggets,
696,Phoenix Suns,2017,regular,41,2018-01-05,1,San Antonio Spurs,
697,Phoenix Suns,2017,regular,42,2018-01-07,0,Oklahoma City Thunder,
698,Phoenix Suns,2017,regular,43,2018-01-12,0,Houston Rockets,
699,Phoenix Suns,2017,regular,44,2018-01-14,0,Indiana Pacers,
700,Phoenix Suns,2017,regular,45,2018-01-16,1,Portland Trail Blazers,
701,Phoenix Suns,2017,regular,46,2018-01-19,1,Denver Nuggets,
702,Phoenix Suns,2017,regular,47,2018-01-22,1,Milwaukee Bucks,
703,Phoenix Suns,2017,regular,48,2018-01-24,1,Indiana Pacers,
704,Phoenix Suns,2017,regular,49,2018-01-26,0,New York Knicks,
705,Phoenix Suns,2017,regular,50,2018-01-28,1,Houston Rockets,
706,Phoenix Suns,2017,regular,51,2018-01-29,1,Memphis Grizzlies,
707,Phoenix Suns,2017,regular,52,2018-01-31,0,Dallas Mavericks,
708,Phoenix Suns,2017,regular,53,2018-02-02,0,Utah Jazz,
709,Phoenix Suns,2017,regular,54,2018-02-04,0,Charlotte Hornets,
710,Phoenix Suns,2017,regular,55,2018-02-06,1,Los Angeles Lakers,
711,Phoenix Suns,2017,regular,56,2018-02-07,0,San Antonio Spurs,
712,Phoenix Suns,2017,regular,57,2018-02-10,0,Denver Nuggets,
713,Phoenix Suns,2017,regular,58,2018-02-12,1,Golden State Warriors,
714,Phoenix Suns,2017,regular,59,2018-02-14,1,Utah Jazz,
715,Phoenix Suns,2017,regular,60,2018-02-23,0,Los Angeles Clippers,
716,Phoenix Suns,2017,regular,61,2018-02-24,0,Portland Trail Blazers,
717,Phoenix Suns,2017,regular,62,2018-02-26,1,New Orleans Pelicans,
718,Phoenix Suns,2017,regular,63,2018-02-28,1,Memphis Grizzlies,
719,Phoenix Suns,2017,regular,64,2018-03-02,0,Oklahoma City Thunder,
720,Phoenix Suns,2017,regular,65,2018-03-04,1,Atlanta Hawks,
721,Phoenix Suns,2017,regular,66,2018-03-05,1,Miami Heat,
722,Phoenix Suns,2017,regular,67,2018-03-08,1,Oklahoma City Thunder,
723,Phoenix Suns,2017,regular,68,2018-03-10,1,Charlotte Hornets,
724,Phoenix Suns,2017,regular,69,2018-03-13,0,Cleveland Cavaliers,
725,Phoenix Suns,2017,regular,70,2018-03-15,1,Utah Jazz,
726,Phoenix Suns,2017,regular,71,2018-03-17,0,Golden State Warriors,
727,Phoenix Suns,2017,regular,72,2018-03-20,0,Detroit Pistons,
728,Phoenix Suns,2017,regular,73,2018-03-23,1,Cleveland Cavaliers,
729,Phoenix Suns,2017,regular,74,2018-03-24,1,Orlando Magic,
730,Phoenix Suns,2017,regular,75,2018-03-26,0,Boston Celtics,
731,Phoenix Suns,2017,regular,76,2018-03-28,0,Los Angeles Clippers,
732,Phoenix Suns,2017,regular,77,2018-03-30,1,Houston Rockets,
733,Phoenix Suns,2017,regular,78,2018-04-01,1,Golden State Warriors,
734,Phoenix Suns,2017,regular,79,2018-04-03,0,Sacramento Kings,
735,Phoenix Suns,2017,regular,80,2018-04-06,0,New Orleans Pelicans,
736,Phoenix Suns,2017,regular,81,2018-04-08,0,Golden State Warriors,
737,Phoenix Suns,2017,regular,82,2018-04-10,1,Dallas Mavericks,
738,Phoenix Suns,2018,regular,1,2018-10-17,0,Dallas Mavericks,
739,Phoenix Suns,2018,regular,2,2018-10-20,1,Denver Nuggets,
740,Phoenix Suns,2018,regular,3,2018-10-22,1,Golden State Warriors,
741,Phoenix Suns,2018,regular,4,2018-10-24,0,Los Angeles Lakers,
742,Phoenix Suns,2018,regular,5,2018-10-27,1,Memphis Grizzlies,
743,Phoenix Suns,2018,regular,6,2018-10-28,1,Oklahoma City Thunder,
744,Phoenix Suns,2018,regular,7,2018-10-31,0,San Antonio Spurs,
745,Phoenix Suns,2018,regular,8,2018-11-02,0,Toronto Raptors,
746,Phoenix Suns,2018,regular,9,2018-11-04,0,Memphis Grizzlies,
747,Phoenix Suns,2018,regular,10,2018-11-06,0,Brooklyn Nets,
748,Phoenix Suns,2018,regular,11,2018-11-08,0,Boston Celtics,OT
749,Phoenix Suns,2018,regular,12,2018-11-10,1,New Orleans Pelicans,
750,Phoenix Suns,2018,regular,13,2018-11-12,1,Oklahoma City Thunder,
751,Phoenix Suns,2018,regular,14,2018-11-14,0,San Antonio Spurs,
752,Phoenix Suns,2018,regular,15,2018-11-17,0,Oklahoma City Thunder,
753,Phoenix Suns,2018,regular,16,2018-11-19,1,Philadelphia 76ers,
754,Phoenix Suns,2018,regular,17,2018-11-21,1,Chicago Bulls,
755,Phoenix Suns,2018,regular,18,2018-11-23,1,Milwaukee Bucks,
756,Phoenix Suns,2018,regular,19,2018-11-25,1,Detroit Pistons,
757,Phoenix Suns,2018,regular,20,2018-11-27,0,Indiana Pacers,
758,Phoenix Suns,2018,regular,21,2018-11-28,1,Los Angeles Clippers,
759,Phoenix Suns,2018,regular,22,2018-11-30,0,Orlando Magic,
760,Phoenix Suns,2018,regular,23,2018-12-02,1,Los Angeles Lakers,
761,Phoenix Suns,2018,regular,24,2018-12-04,0,Sacramento Kings,
762,Phoenix Suns,2018,regular,25,2018-12-06,1,Portland Trail Blazers,
763,Phoenix Suns,2018,regular,26,2018-12-07,0,Miami Heat,
764,Phoenix Suns,2018,regular,27,2018-12-10,0,Los Angeles Clippers,OT
765,Phoenix Suns,2018,regular,28,2018-12-11,1,San Antonio Spurs,
766,Phoenix Suns,2018,regular,29,2018-12-13,0,Dallas Mavericks,
767,Phoenix Suns,2018,regular,30,2018-12-15,0,Minnesota Timberwolves,
768,Phoenix Suns,2018,regular,31,2018-12-17,1,New York Knicks,
769,Phoenix Suns,2018,regular,32,2018-12-19,1,Boston Celtics,
770,Phoenix Suns,2018,regular,33,2018-12-22,1,Washington Wizards,3OT
771,Phoenix Suns,2018,regular,34,2018-12-23,1,Brooklyn Nets,
772,Phoenix Suns,2018,regular,35,2018-12-26,1,Orlando Magic,OT
773,Phoenix Suns,2018,regular,36,2018-12-28,0,Oklahoma City Thunder,
774,Phoenix Suns,2018,regular,37,2018-12-29,0,Denver Nuggets,
775,Phoenix Suns,2018,regular,38,2018-12-31,0,Golden State Warriors,
776,Phoenix Suns,2018,regular,39,2019-01-02,0,Philadelphia 76ers,
777,Phoenix Suns,2018,regular,40,2019-01-04,0,Los Angeles Clippers,
778,Phoenix Suns,2018,regular,41,2019-01-06,0,Charlotte Hornets,
779,Phoenix Suns,2018,regular,42,2019-01-08,0,Sacramento Kings,
780,Phoenix Suns,2018,regular,43,2019-01-09,1,Dallas Mavericks,
781,Phoenix Suns,2018,regular,44,2019-01-12,0,Denver Nuggets,
782,Phoenix Suns,2018,regular,45,2019-01-15,1,Indiana Pacers,
783,Phoenix Suns,2018,regular,46,2019-01-17,1,Toronto Raptors,
784,Phoenix Suns,2018,regular,47,2019-01-19,1,Charlotte Hornets,
785,Phoenix Suns,2018,regular,48,2019-01-20,1,Minnesota Timberwolves,
786,Phoenix Suns,2018,regular,49,2019-01-22,0,Minnesota Timberwolves,
787,Phoenix Suns,2018,regular,50,2019-01-24,0,Portland Trail Blazers,
788,Phoenix Suns,2018,regular,51,2019-01-25,1,Denver Nuggets,
789,Phoenix Suns,2018,regular,52,2019-01-27,1,Los Angeles Lakers,
790,Phoenix Suns,2018,regular,53,2019-01-29,1,San Antonio Spurs,
791,Phoenix Suns,2018,regular,54,2019-02-02,0,Atlanta Hawks,
792,Phoenix Suns,2018,regular,55,2019-02-04,0,Houston Rockets,
793,Phoenix Suns,2018,regular,56,2019-02-06,1,Utah Jazz,
794,Phoenix Suns,2018,regular,57,2019-02-08,0,Golden State Warriors,
795,Phoenix Suns,2018,regular,58,2019-02-10,1,Sacramento Kings,
796,Phoenix Suns,2018,regular,59,2019-02-13,1,Los Angeles Clippers,
797,Phoenix Suns,2018,regular,60,2019-02-21,1,Cleveland Cavaliers,
798,Phoenix Suns,2018,regular,61,2019-02-23,1,Atlanta Hawks,
799,Phoenix Suns,2018,regular,62,2019-02-25,1,Miami Heat,
800,Phoenix Suns,2018,regular,63,2019-03-01,0,New Orleans Pelicans,
801,Phoenix Suns,2018,regular,64,2019-03-02,0,Los Angeles Lakers,
802,Phoenix Suns,2018,regular,65,2019-03-04,0,Milwaukee Bucks,
803,Phoenix Suns,2018,regular,66,2019-03-06,0,New York Knicks,
804,Phoenix Suns,2018,regular,67,2019-03-09,1,Portland Trail Blazers,
805,Phoenix Suns,2018,regular,68,2019-03-10,1,Golden State Warriors,
806,Phoenix Suns,2018,regular,69,2019-03-13,0,Utah Jazz,
807,Phoenix Suns,2018,regular,70,2019-03-15,1,Houston Rockets,
808,Phoenix Suns,2018,regular,71,2019-03-16,1,New Orleans Pelicans,OT
809,Phoenix Suns,2018,regular,72,2019-03-18,0,Chicago Bulls,
810,Phoenix Suns,2018,regular,73,2019-03-21,0,Detroit Pistons,
811,Phoenix Suns,2018,regular,74,2019-03-23,1,Sacramento Kings,
812,Phoenix Suns,2018,regular,75,2019-03-25,1,Utah Jazz,
813,Phoenix Suns,2018,regular,76,2019-03-27,0,Washington Wizards,
814,Phoenix Suns,2018,regular,77,2019-03-30,0,Memphis Grizzlies,
815,Phoenix Suns,2018,regular,78,2019-04-01,0,Cleveland Cavaliers,
816,Phoenix Suns,2018,regular,79,2019-04-03,0,Utah Jazz,
817,Phoenix Suns,2018,regular,80,2019-04-05,0,New Orleans Pelicans,OT
818,Phoenix Suns,2018,regular,81,2019-04-07,1,Houston Rockets,
819,Phoenix Suns,2018,regular,82,2019-04-09,1,Dallas Mavericks,
820,Phoenix Suns,2019,regular,1,2019-10-23,0,Sacramento Kings,
821,Phoenix Suns,2019,regular,2,2019-10-25,1,Denver Nuggets,
822,Phoenix Suns,2019,regular,3,2019-10-26,0,Los Angeles Clippers,
823,Phoenix Suns,2019,regular,4,2019-10-28,0,Utah Jazz,
824,Phoenix Suns,2019,regular,5,2019-10-30,1,Golden State Warriors,
825,Phoenix Suns,2019,regular,6,2019-11-02,1,Memphis Grizzlies,
826,Phoenix Suns,2019,regular,7,2019-11-04,0,Philadelphia 76ers,
827,Phoenix Suns,2019,regular,8,2019-11-07,0,Miami Heat,
828,Phoenix Suns,2019,regular,9,2019-11-10,0,Brooklyn Nets,
829,Phoenix Suns,2019,regular,10,2019-11-12,0,Los Angeles Lakers,
830,Phoenix Suns,2019,regular,11,2019-11-14,0,Atlanta Hawks,
831,Phoenix Suns,2019,regular,12,2019-11-18,0,Boston Celtics,
832,Phoenix Suns,2019,regular,13,2019-11-19,1,Sacramento Kings,
833,Phoenix Suns,2019,regular,14,2019-11-21,0,New Orleans Pelicans,
834,Phoenix Suns,2019,regular,15,2019-11-23,1,Minnesota Timberwolves,
835,Phoenix Suns,2019,regular,16,2019-11-24,1,Denver Nuggets,
836,Phoenix Suns,2019,regular,17,2019-11-27,0,Washington Wizards,
837,Phoenix Suns,2019,regular,18,2019-11-29,0,Dallas Mavericks,
838,Phoenix Suns,2019,regular,19,2019-12-02,1,Charlotte Hornets,
839,Phoenix Suns,2019,regular,20,2019-12-04,1,Orlando Magic,
840,Phoenix Suns,2019,regular,21,2019-12-05,1,New Orleans Pelicans,
841,Phoenix Suns,2019,regular,22,2019-12-07,1,Houston Rockets,
842,Phoenix Suns,2019,regular,23,2019-12-09,0,Minnesota Timberwolves,
843,Phoenix Suns,2019,regular,24,2019-12-11,0,Memphis Grizzlies,
844,Phoenix Suns,2019,regular,25,2019-12-14,0,San Antonio Spurs,
845,Phoenix Suns,2019,regular,26,2019-12-16,0,Portland Trail Blazers,
846,Phoenix Suns,2019,regular,27,2019-12-17,1,Los Angeles Clippers,
847,Phoenix Suns,2019,regular,28,2019-12-20,1,Oklahoma City Thunder,
848,Phoenix Suns,2019,regular,29,2019-12-21,0,Houston Rockets,
849,Phoenix Suns,2019,regular,30,2019-12-23,0,Denver Nuggets,
850,Phoenix Suns,2019,regular,31,2019-12-27,1,Golden State Warriors,
851,Phoenix Suns,2019,regular,32,2019-12-28,1,Sacramento Kings,
852,Phoenix Suns,2019,regular,33,2019-12-30,1,Portland Trail Blazers,
853,Phoenix Suns,2019,regular,34,2020-01-01,1,Los Angeles Lakers,
854,Phoenix Suns,2019,regular,35,2020-01-03,0,New York Knicks,
855,Phoenix Suns,2019,regular,36,2020-01-05,0,Memphis Grizzlies,
856,Phoenix Suns,2019,regular,37,2020-01-07,0,Sacramento Kings,
857,Phoenix Suns,2019,regular,38,2020-01-10,0,Orlando Magic,
858,Phoenix Suns,2019,regular,39,2020-01-12,0,Charlotte Hornets,
859,Phoenix Suns,2019,regular,40,2020-01-14,1,Atlanta Hawks,
860,Phoenix Suns,2019,regular,41,2020-01-16,1,New York Knicks,
861,Phoenix Suns,2019,regular,42,2020-01-18,1,Boston Celtics,
862,Phoenix Suns,2019,regular,43,2020-01-20,0,San Antonio Spurs,
863,Phoenix Suns,2019,regular,44,2020-01-22,0,Indiana Pacers,
864,Phoenix Suns,2019,regular,45,2020-01-24,1,San Antonio Spurs,
865,Phoenix Suns,2019,regular,46,2020-01-26,1,Memphis Grizzlies,
866,Phoenix Suns,2019,regular,47,2020-01-28,1,Dallas Mavericks,
867,Phoenix Suns,2019,regular,48,2020-01-31,0,Oklahoma City Thunder,
868,Phoenix Suns,2019,regular,49,2020-02-02,1,Milwaukee Bucks,
869,Phoenix Suns,2019,regular,50,2020-02-03,1,Brooklyn Nets,
870,Phoenix Suns,2019,regular,51,2020-02-05,1,Detroit Pistons,
871,Phoenix Suns,2019,regular,52,2020-02-07,0,Houston Rockets,
872,Phoenix Suns,2019,regular,53,2020-02-08,0,Denver Nuggets,
873,Phoenix Suns,2019,regular,54,2020-02-10,1,Los Angeles Lakers,
874,Phoenix Suns,2019,regular,55,2020-02-12,0,Golden State Warriors,
875,Phoenix Suns,2019,regular,56,2020-02-21,1,Toronto Raptors,
876,Phoenix Suns,2019,regular,57,2020-02-22,1,Chicago Bulls,
877,Phoenix Suns,2019,regular,58,2020-02-24,1,Utah Jazz,
878,Phoenix Suns,2019,regular,59,2020-02-26,0,Los Angeles Clippers,
879,Phoenix Suns,2019,regular,60,2020-02-28,0,Detroit Pistons,
880,Phoenix Suns,2019,regular,61,2020-02-29,0,Golden State Warriors,
881,Phoenix Suns,2019,regular,62,2020-03-03,0,Toronto Raptors,
882,Phoenix Suns,2019,regular,63,2020-03-06,0,Portland Trail Blazers,
883,Phoenix Suns,2019,regular,64,2020-03-08,0,Milwaukee Bucks,
884,Phoenix Suns,2019,regular,65,2020-03-10,1,Portland Trail Blazers,
885,Phoenix Suns,2019,regular,66,2020-03-14,1,Dallas Mavericks,
886,Phoenix Suns,2019,regular,67,2020-03-18,0,Minnesota Timberwolves,
887,Phoenix Suns,2019,regular,68,2020-03-20,1,Los Angeles Clippers,
888,Phoenix Suns,2019,regular,69,2020-03-21,0,Dallas Mavericks,
889,Phoenix Suns,2019,regular,70,2020-03-23,1,Indiana Pacers,
890,Phoenix Suns,2019,regular,71,2020-03-25,1,Washington Wizards,
891,Phoenix Suns,2019,regular,72,2020-03-27,1,Philadelphia 76ers,
892,Phoenix Suns,2019,regular,73,2020-03-28,1,Miami Heat,
893,Phoenix Suns,2019,regular,74,2020-03-30,1,Cleveland Cavaliers,
894,Phoenix Suns,2019,regular,75,2020-04-01,1,Oklahoma City Thunder,
895,Phoenix Suns,2019,regular,76,2020-04-03,0,Cleveland Cavaliers,
896,Phoenix Suns,2019,regular,77,2020-04-05,0,Chicago Bulls,
897,Phoenix Suns,2019,regular,78,2020-04-07,1,Minnesota Timberwolves,
898,Phoenix Suns,2019,regular,79,2020-04-09,1,New Orleans Pelicans,
899,Phoenix Suns,2019,regular,80,2020-04-11,0,Utah Jazz,
900,Phoenix Suns,2019,regular,81,2020-04-13,1,Houston Rockets,
901,Phoenix Suns,2019,regular,82,2020-04-15,0,Los Angeles Lakers,
